{
  "timestamp_ms": 1776380034629,
  "name": "BR",
  "target": {
    "screen_x": 50.0,
    "screen_y": 50.0,
    "nose_x": 2510,
    "nose_y": 1390,
    "eye_x": 50,
    "eye_y": 50
  },
  "head": {
    "yaw": 29.877012734037777,
    "pitch": -13.037889161548588,
    "x_mm": 56.92355169739178,
    "y_mm": -60.260788058581866,
    "z_mm": 738.2653841003971,
    "zeta_mm": 738.2653841003971
  },
  "gaze": {
    "raw_eye_yaw": -13.369960375442878,
    "raw_eye_pitch": 2.368999486049685,
    "raw_left_eye_yaw": 10.866464734919667,
    "raw_left_eye_pitch": 6.001714279414886,
    "raw_right_eye_yaw": -37.606385485805426,
    "raw_right_eye_pitch": -1.2637153073155165
  },
  "sample_count": 20,
  "calibrated_gaze": {
    "gaze_x": null,
    "gaze_y": null
  }
}