{
  "timestamp_ms": 1776380001619,
  "name": "C",
  "target": {
    "screen_x": 1280.0,
    "screen_y": 720.0,
    "nose_x": 1280.0,
    "nose_y": 720.0,
    "eye_x": 1280.0,
    "eye_y": 720.0
  },
  "head": {
    "yaw": 10.397497210440717,
    "pitch": -5.194032322652358,
    "x_mm": 87.77598897966939,
    "y_mm": -78.51921436357635,
    "z_mm": 759.2314441297459,
    "zeta_mm": 759.2314441297459
  },
  "gaze": {
    "raw_eye_yaw": 3.147673361632238,
    "raw_eye_pitch": -4.565773625935612,
    "raw_left_eye_yaw": 23.51478734092578,
    "raw_left_eye_pitch": -5.262159535077416,
    "raw_right_eye_yaw": -17.2194406176613,
    "raw_right_eye_pitch": -3.8693877167938076
  },
  "sample_count": 21,
  "calibrated_gaze": {
    "gaze_x": null,
    "gaze_y": null
  }
}