{
  "timestamp_ms": 1776380039202,
  "name": "R",
  "target": {
    "screen_x": 50.0,
    "screen_y": 720.0,
    "nose_x": 2510,
    "nose_y": 720.0,
    "eye_x": 50,
    "eye_y": 720.0
  },
  "head": {
    "yaw": 29.944002222017037,
    "pitch": -5.766737375417941,
    "x_mm": 62.1849216296492,
    "y_mm": -79.49941557979413,
    "z_mm": 792.7102951505634,
    "zeta_mm": 792.7102951505634
  },
  "gaze": {
    "raw_eye_yaw": -23.515831942479128,
    "raw_eye_pitch": -2.9505660790996986,
    "raw_left_eye_yaw": -5.3052857534912174,
    "raw_left_eye_pitch": -1.606160262035501,
    "raw_right_eye_yaw": -41.72637813146704,
    "raw_right_eye_pitch": -4.294971896163895
  },
  "sample_count": 20,
  "calibrated_gaze": {
    "gaze_x": null,
    "gaze_y": null
  }
}