{
  "timestamp_ms": 1776380043747,
  "name": "TR",
  "target": {
    "screen_x": 50.0,
    "screen_y": 1390.0,
    "nose_x": 2510,
    "nose_y": 50,
    "eye_x": 50,
    "eye_y": 1390
  },
  "head": {
    "yaw": 28.68122811170146,
    "pitch": 4.0494534571148195,
    "x_mm": 70.0669289854488,
    "y_mm": -96.82409344907835,
    "z_mm": 795.4974523882265,
    "zeta_mm": 795.4974523882265
  },
  "gaze": {
    "raw_eye_yaw": -19.764262430742516,
    "raw_eye_pitch": -10.70475751296588,
    "raw_left_eye_yaw": -3.01006255264603,
    "raw_left_eye_pitch": -12.512742785087712,
    "raw_right_eye_yaw": -36.518462308839005,
    "raw_right_eye_pitch": -8.896772240844049
  },
  "sample_count": 20,
  "calibrated_gaze": {
    "gaze_x": null,
    "gaze_y": null
  }
}